"","Total species richness_coef","Cryptobenthics species richness_coef","Threatened species richness_coef","Commercial species richness_coef","Total species richness_pval","Cryptobenthics species richness_pval","Threatened species richness_pval","Commercial species richness_pval"
"port_propre",6.40426492877888,-0.00544602183412252,0.210293857980208,-0.00113204682729058,0.141856294320405,0.797922015102326,0.513390314141486,0.969062023329914
"Campaign",-1.22565803677954,-0.0393340352311806,0.441072103319049,0.05339769612007,0.76105201381649,0.0600776437802619,0.159218474137378,0.0628362120643026
"surface_couverte_ha",-0.0601676062588762,-0.00586108729626358,0.0555729434374963,0.00882586385629784,0.947490243953976,0.206896872092591,0.415377473587595,0.167814017767044
"lineaire_exterieur_m",-0.0202022390665532,4.97924547015204e-05,-6.92669102689059e-05,1.46998563341453e-06,0.00448354098447686,0.133693106920837,0.89190952563327,0.973626271779888
