"","Total species richness _coef","Total species richness _pval","Cryptobenthics species richness _coef","Cryptobenthics species richness _pval","Threatened species richness _coef","Threatened species richness _pval","Commercial species richness _coef","Commercial species richness _pval"
"(Intercept)",37.5515018461249,0.000811088434479301,5.28551013381346,0.211854616963258,-2.47795282696628,0.273112634888246,15.480901106139,1.42969122096659e-08
"CertificationPort propre",11.4773798923851,0.573996197718869,3.18902765056659,0.547982282068323,1.02110831894632,0.716826086099326,2.80910991460369,0.636640915218146
"CampaignOctober21",-2.71438108816261,0.860166980861322,-2.09441425250304,0.221522259505765,0.286452077857886,0.97054052909719,0.0784033797885062,0.999999132387803
"Area_ha",0.658499375577706,0.998686723893797,0.708591583566434,0.668555972645512,0.110059174325193,0.978144504248693,-0.33732887746453,0.970229117682201
"Depth_m",-1.84091266297896,0.731478677118642,-0.256300921682034,0.974415724302959,0.165858933393399,0.863133616810742,-0.435303663554399,0.802865733707708
"HabitatSand",11.4191035860114,0.590535813587131,2.62103984789702,0.732801774140623,-0.0792298829170442,0.999997555608974,1.74107004446264,0.919606622116449
