"","Total species richness _coef","Total species richness _pval","Cryptobenthics species richness _coef","Cryptobenthics species richness _pval","Threatened species richness _coef","Threatened species richness _pval","Commercial species richness _coef","Commercial species richness _pval"
"(Intercept)",54.8687831394547,0,12.0730680570022,4.73786832211331e-07,-0.0992652914248669,0.999770551170875,16.7716159055416,0
"port_proprePort propre",6.26875570890302,0.382814569427041,0.796512416553337,0.985411023482108,0.291349490328935,0.922944839026138,2.03210026569884,0.186984972510735
"CampaignOctober21",-1.27117670842707,0.995383283531006,-1.8863633089947,0.342971826215029,0.178273007382339,0.981040222154492,1.42667598392306,0.465594552309173
"surface_couverte_ha",-0.0811368387935909,0.999989434157123,-0.424739857192765,0.675953374045546,0.0515867630340674,0.95094534149022,0.474228531497075,0.12782317822021
"lineaire_exterieur_m",-0.0201274895024278,0.00317882558447435,-0.00125479536639494,0.984347611707114,-0.000494646546138659,0.891169592612353,-0.00813593074907929,6.6286594035958e-07
