"","Total species richness _coef","Total species richness _pval","Cryptobenthics species richness _coef","Cryptobenthics species richness _pval","Threatened species richness _coef","Threatened species richness _pval","Commercial species richness _coef","Commercial species richness _pval"
"(Intercept)",45.2259913297058,8.5802436945781e-05,4.9382488560192,0.257871520293733,-0.293278652575572,0.997473741986225,19.0501320228441,3.8335899121833e-08
"CertificationPort propre",10.7361617143558,0.681811683875475,3.30835419900071,0.497970111849291,0.0726562735335397,0.999994726971374,2.38609853350365,0.884911353521097
"CampaignOctober21",-2.26395984372991,0.947119715731884,-2.00663024421598,0.245483578451557,0.181296885207162,0.986455864746997,1.32595028110463,0.633818626212396
"Area_ha",-0.012296134332678,0.999999999999927,0.736694583237541,0.622341988554863,-0.0499294442674907,0.998553478956457,-0.546828215444758,0.922208163363936
"Depth_m",-2.35787205652338,0.573609075608242,-0.235278473281881,0.98104625435229,0.0673397561947705,0.98344754986671,-0.879536617653253,0.40280188186479
"HabitatSand",11.8429210431076,0.610486198211884,2.6028009212969,0.726089100378943,0.579897910054759,0.858161640504804,0.880622532807239,0.998540880609184
