"","Total species richness _coef","Total species richness _pval","Cryptobenthics species richness _coef","Cryptobenthics species richness _pval","Threatened species richness _coef","Threatened species richness _pval","Commercial species richness _coef","Commercial species richness _pval"
"(Intercept)",47.0076206103045,8.12189672804164e-05,5.4709233076358,0.170270412901565,0.0844584663707342,0.99999592646092,19.1757886927038,4.3444709052487e-08
"CertificationPort propre",10.5030040699848,0.708758877463363,3.22996064098641,0.51391109257085,-0.048907360790791,0.999999424671889,2.2873001737752,0.905822767622954
"CampaignOctober21",-2.87615176522735,0.887628365377752,-2.07665894095971,0.238049733272079,0.0914955396461506,0.999459875544185,1.20034702818597,0.722082548766248
"Area_ha",-0.223023385503115,0.999997762790307,0.663712921111771,0.701700253896276,-0.0785346029012816,0.986977427271417,-0.584806146932419,0.906940640956091
"Depth_m",-2.391766800909,0.572021534998898,-0.249332021345864,0.97513530453093,0.0429428195317074,0.997601663668549,-0.834576672427554,0.470147624397993
"HabitatSand",12.3909135138757,0.581109169559586,2.60882083792488,0.719652650757938,0.591361904910351,0.846985083238231,0.980284100436766,0.997698883354537
