"","Total species richness _coef","Total species richness _pval","Cryptobenthic species richness _coef","Cryptobenthic species richness _pval","Threatened species richness _coef","Threatened species richness _pval","Commercial species richness _coef","Commercial species richness _pval"
"(Intercept)",46.9352602505309,0,12.5691505726072,0,-0.356677850508916,0.737754429734553,13.186434655646,0
"ReserveY",-1.97609123190835,0.991739436725709,-1.61645307837277,0.807679373729206,-1.56237819905487e-06,1,0.9736846730258,0.94983841795498
"ConfinementLockdown",-9.59545116522435,0.189188686172757,-5.18277419949913,0.00623503178411011,-1.25276321655905,0.337857001668528,-3.10092159929709,0.0915616552725904
"PortY",6.92615537982127,0.454634956136778,1.14884352035918,0.915702619628736,1.74296884117265,0.0602495193014294,5.68564776526682,0.00147850557979168
"ReserveY:ConfinementLockdown",-1.65499294693369,0.9989939337872,-0.20661435682773,0.999990471949787,0.916292078134022,0.751299362182551,-0.958733315789595,0.974601216223034
